规范中文名,规范日文名,IP来源,是否纳入日本主分析,匹配别名
假面骑士,仮面ライダー,日本,是,仮面ライダー|假面骑士|フォーゼ|ヒューマギア|オートバジン|カブト|グリス|サイドバッシャー|ジェットストライカー|ジオウ|モグラアマゾン
数码宝贝,デジモン,日本,是,デジモン|DIGIMON|デジヴァイス|デジモンアドベンチャー LAST EVOLUTION|デジタルモンスター|数码宝贝|ホーリーエンジェモン|テイルモン|八神ヒカリ|アグモン|Agumon|亚古兽|エンジェモン|天使兽|ウォーグレイモン|战龙兽|アルケニモン|アーマゲモン|エンジェウーモン|オメガモン|ガルルモン|サクヤモン|チンロンモン|テリアモン|デュークモン|バステモン|パイルドラモン|パタモン|フレイドラモン|ベルゼブモン|マグナモン|マミーモン|ワーガルルモン
新世纪福音战士,エヴァンゲリオン,日本,是,エヴァンゲリオン|ヱヴァンゲリヲン|EVANGELION|エヴァンゲリヲン新劇場版|式波・アスカ・ラングレー|新世紀エヴァンゲリオン|新世纪福音战士|EVANGELIONPRIMOSTYLE|EVANGELION PRIMO STYLE|ぷちえうぁ|綾波レイ|碇シンジ|惣流・アスカ・ラングレー|One Last Kiss
Fate系列,Fateシリーズ,日本,是,FATE|FATEシリーズ|FGO|FATEGRANDORDER|FATE/GRAND ORDER|フェイト/グランドオーダー|プリズマ☆イリヤ|遠坂凛|Fate/staynight|Fate/hollowataraxia|Fate/stay night|カーニバル・ファンタズム|Carnival Phantasm|CarnivalPhantasm|Fateシリーズ|Fate系列|タイガーころしあむ|タイガーころしあむアッパー|FateFantasm|フェイト/タイガーころしあむアッパー|Fate/GrandOrder|Fate/Grand Order|Fate/zero|Fate/Zero|フェイト/ステイナイト|セイバー 休日|アビゲイル・ウィリアムズ|アルトリア・ペンドラゴン［リリィ］|クー・フーリン［オルタ］|ケツァル・コアトル|マシュ・キリエライト|レオナルド・ダ・ヴィンチ|柳生但馬守宗矩|玉藻の前|謎のヒロインX［オルタ］
传说系列,テイルズ オブ,日本,是,テイルズ オブ|テイルズオブ|テイルズ|テイルズ オブ ゼスティリア|テイルズオブゼスティリア|Tales of Zestiria|传说系列泽斯提利亚|传说系列|TALESOFASTERIA|Tales of Asteria|TalesofMagic|Tales of Magic|ユーリ・ローウェル|ミクリオ
宝可梦,ポケットモンスター,日本,是,ポケットモンスター|ポケモン|POKÉMON|POKEMON|宝可梦|PokemonLEGENDS|Pokemon LEGENDS|Pokémon LEGENDS|アルセウス|ルビー サファイア エメラルド|ピカチュウ|皮卡丘|モクロー|木木枭|Mディアンシー|アオギリ|アクロマ|アズサ|イリマ|ウツギ博士|エアームド|エンニュート|オダマキ|オニオン|オリーヴ|カイリキー|カヒリ|カミツレ|カルネ|ガオガエン|ガチゴラス|キュレム|キルリア|ギャラドス|クチート|グズマ|グラジオ|ゲンガー|ゲンシカイオーガ|ゲンシグラードン|ゲーチス|サカキ|サーナイト|ジバコイル|スカル団|ティエルノ|テテフ|ディアンシー|ナツメ|ハガネール|ハッサム|バシャーモ|バンギラス|ビッケ|フウとラン|フウロ|フラダリ|フラージェス|フレア団|ブラックキュレム|プテラ|プルメリ|ヘルガー|ホワイトキュレム|ボスゴドラ|ボルトロス|ポプラ|マツバ|マツブサ|マリィ|マーマネ|ミツル|メタグロス|モノマネむすめ|ヤロー|ラグラージ|リーリエ|ルザミーネ|ロイヤルマスク|ロケット団
名侦探柯南,名探偵コナン,日本,是,名探偵コナン|江戸川コナン|怪盗キッド|安室透|赤井秀一|名侦探柯南|名探偵　コナン|遠山和葉
黄金神威,ゴールデンカムイ,日本,是,ゴールデンカムイ|鯉登音之進|鯉登少尉|月島基
奥特曼,ウルトラマン,日本,是,ウルトラマン|ULTRAMAN|奥特曼|DXウルトラ対決セット2|ULTRA-ACT|ULTRA ACT|ウルトラゼロファイト|ウルトラゼロ|ウルトラセブン|ウルトラ怪獣名鑑|ウルトラシリーズ|ウルトラデザイン|大怪獣ラッシュ|バルタンバトラー|ウインダム|ウルトラの父|ガラモン|ゼットン|ダークザギ|バルタン星人|ヒッポリト星人
原神,原神,中国,否,原神|GENSHIN|Genshin Impact|神里綾華|神里綾人|楓原万葉|珊瑚宮心海|鹿野院平蔵|タルタリヤ|ウェンティ|アルベド|パイモン|鍾離|刻晴|甘雨|宵宮|煙緋|ディオナ|スクロース|行秋|雷電将軍|八重神子|胡桃
魔法少女小圆,魔法少女まどか☆マギカ,日本,是,魔法少女まどか|まどか☆マギカ|劇場版まどか|叛逆の物語|暁美ほむら|鹿目まどか|まどマギ
初音未来/VOCALOID,初音ミク/VOCALOID,日本,是,初音ミク|VOCALOID|鏡音リン|鏡音レン|巡音ルカ|KAITO|MEIKO|ボーカロイドシリーズ|初音未来|SNOW MIKU|初音ミク/VOCALOID|レーシングミク|ボーカロイド|Hatsune Miku|ボカロ
无双系列,無双シリーズ,日本,是,真・三國無双|真・三国無双|戦国無双|無双OROCHI|真三國無双|真三国无双|無双☆スターズ|無双スターズ|無双シリーズ|无双系列|無双フェスティバル|三國無双|三国無双|夏侯覇|郭嘉|荀彧|曹丕|周瑜|孫策|夏侯惇|満寵|司馬師|陸遜|星彩|趙雲|真田信之
Z/X,Z/X,日本,是,ゼクス|Z/X
迪士尼,ディズニー,欧美,否,ディズニー|DISNEY|ミッキーマウス|ドナルドダック
机动战士高达,機動戦士ガンダム,日本,是,機動戦士ガンダム|ガンダム|GUNDAM|高达|机动战士高达|FWGUNDAMCONVERGE|GUNDAM CONVERGE|FW GUNDAM CONVERGE
Love Live!,ラブライブ!,日本,是,ラブライブ|Love Live!|LoveLive!|LOVELIVE|μ's|μ’s|Aqours|虹ヶ咲|ニジガク|虹ヶ咲学園スクールアイドル同好会|Liella|Liella!|ラブライブ!スーパースター|ラブライブ！スーパースター|幻日のヨハネ|幻日夜羽|高坂穂乃果|南ことり|園田海未|星空凛|小泉花陽|西木野真姫|絢瀬絵里|東條希|矢澤にこ|高海千歌|桜内梨子|松浦果南|黒澤ダイヤ|渡辺曜|津島善子|国木田花丸|小原鞠莉|黒澤ルビィ|中須かすみ|優木せつ菜|桜坂しずく|朝香果林|宮下愛|近江彼方|エマ・ヴェルデ|天王寺璃奈|三船栞子|ミア・テイラー|鐘嵐珠|高咲侑|澁谷かのん|唐可可|嵐千砂都|平安名すみれ|葉月恋|桜小路きな子|米女メイ|若菜四季|鬼塚夏美|ウィーン・マルガレーテ|鬼塚冬毬|ハナマル
某科学/魔法系列,とあるシリーズ,日本,是,とある科学の超電磁砲|とある魔術の禁書目録|レールガン|とあるシリーズ|超電磁砲|白井黒子|禁書目録|某系列|御坂美琴
游戏王,遊☆戯☆王,日本,是,遊☆戯☆王|遊戯王|YU-GI-OH|FNo.0 未来龍皇ホープ|アストログラフ・マジシャン|アロマセラフィーローズマリー|ドラゴンメイド・チェイム|崔嵬の地霊使いアウス|幽鬼うさぎ|朔夜しぐれ|機巧狐－宇迦之御魂稲荷|浮幽さくら|清冽の水霊使いエリア|灼熱の火霊使いヒータ|蒼翠の風霊使いウィン|銀河眼の光波竜
物语系列,物語シリーズ,日本,是,〈物語〉シリーズ|<物語>シリーズ|化物語|偽物語|傷物語|猫物語|恋物語|終物語|忍物語|物語シリーズ|物语系列|憑物語|忍野忍
凉宫春日系列,涼宮ハルヒ,日本,是,涼宮ハルヒ
网球王子,テニスの王子様,日本,是,新テニスの王子様|テニスの王子様|越前リョーマ|幸村精市
JOJO的奇妙冒险,ジョジョの奇妙な冒険,日本,是,ジョジョの奇妙な冒険|ジョジョ|岸辺露伴
圣斗士星矢,聖闘士星矢,日本,是,聖闘士星矢|セイントキャンサー|聖闘士聖衣
牙狼,牙狼〈GARO〉,日本,是,牙狼|GARO
东方Project,東方Project,日本,是,東方PROJECT|東方プロジェクト|<<東方>>|東方Project|东方Project|東方雅華乱舞トレーディングフィギュアコレクシ|東方茨歌仙|東方儚月抄～月のイナバと地上の因幡|東方ぬいぐるみシリーズ|東方LostWord|東方ソフビシリーズ15ノンスケールソフビフィ|東方ソフビ|Touhou Luna Nights|東方Luna Nights|蓬莱山輝夜|魂魄妖夢
鬼太郎,ゲゲゲの鬼太郎,日本,是,ゲゲゲの鬼太郎|ゲゲゲの謎|鬼太郎誕生|ゲゲ郎
幸运星,らき☆すた,日本,是,らき☆すた|らきすた|泉こなた
战国BASARA,戦国BASARA,日本,是,戦国BASARA
海贼王,ONE PIECE,日本,是,ONE PIECE|ワンピース
黑塔利亚,ヘタリア,日本,是,ヘタリア
舰队Collection,艦隊これくしょん,日本,是,艦隊これくしょん|艦これ|舰娘|Kancolle|Warspite|戦艦タ級|空母ヲ級|飛行場姫
超时空要塞,マクロス,日本,是,マクロス
魔卡少女樱,カードキャプターさくら,日本,是,カードキャプターさくら
偶像大师,アイドルマスター,日本,是,アイドルマスター|アイマス|デレマス|シャニマス|ミリオンライブ|桜井桃華|デレステ|SideM|THE IDOLM@STER|IDOLM@STER|アイドルマスター SideM|ぷちます!|ぷちます！|ぷちます
超级马力欧,スーパーマリオ,日本,是,スーパーマリオ|MARIO|マリオ
月姬,月姫,日本,是,真月譚 月姫|月姫|アルクェイド|月姬|MELTY BLOOD|MELTYBLOOD|メルティブラッド
三丽鸥,サンリオ,日本,是,サンリオ|ハローキティ|シナモロール|マイメロディ|クロミ
剑风传奇,ベルセルク,日本,是,ベルセルク
鬼灭之刃,鬼滅の刃,日本,是,鬼滅の刃|鬼灭之刃|竈門炭治郎|水の呼吸
美少女战士,美少女戦士セーラームーン,日本,是,美少女戦士セーラームーン|セーラームーン
铁甲小宝,ビーロボカブタック,日本,是,ビーロボカブタック|カブタック
女神异闻录,ペルソナ,日本,是,ペルソナ3|ペルソナ4|ペルソナ5|PERSONA|ペルソナ|女神异闻录|PERSONA3|Persona 3|ラヴェンツァ|岳羽ゆかり|春日部統志郎|望月綾時
轻音少女,けいおん!,日本,是,けいおん|K-ON!
侵略！乌贼娘,侵略!イカ娘,日本,是,侵略!イカ娘|侵略!?イカ娘|イカ娘
银魂,銀魂,日本,是,銀魂|Gintama
笨蛋测验召唤兽,バカとテストと召喚獣,日本,是,バカとテストと召喚獣|バカテス
赛马娘,ウマ娘 プリティーダービー,日本,是,ウマ娘
我的女神,ああっ女神さまっ,日本,是,ああっ女神さまっ
魔法使之夜,魔法使いの夜,日本,是,魔法使いの夜|蒼崎青子|久遠寺有珠
光之美少女,プリキュア,日本,是,プリキュア|羽衣ララ
Code Geass,コードギアス,日本,是,コードギアス
空之境界,空の境界,日本,是,空の境界|両儀式
塞尔达传说,ゼルダの伝説,日本,是,ゼルダの伝説|ゼルダ|塞尔达传说|リンクの冒険|BREATHOFTHEWILD|Breath of the Wild|THELEGENDOFZELDA|OCARINAOFTIME|The Legend of Zelda
黑执事,黒執事,日本,是,黒執事
LovePlus,ラブプラス,日本,是,ラブプラス|LOVEPLUS
英雄传说：轨迹系列,英雄伝説 軌跡シリーズ,日本,是,英雄伝説|空の軌跡|零の軌跡|碧の軌跡|閃の軌跡|黎の軌跡|創の軌跡
阿松,おそ松さん,日本,是,おそ松さん
排球少年,ハイキュー!!,日本,是,ハイキュー
少女与战车,ガールズ&パンツァー,日本,是,ガールズ&パンツァー|ガルパン
心跳回忆,ときめきメモリアル,日本,是,ときめきメモリアル
吉伊卡哇,ちいかわ,日本,是,ちいかわ
弹丸论破,ダンガンロンパ,日本,是,ダンガンロンパ
IDOLiSH7,アイドリッシュセブン,日本,是,アイドリッシュセブン|アイナナ
高智能方程式赛车,新世紀GPXサイバーフォーミュラ,日本,是,新世紀GPXサイバーフォーミュラ|サイバーフォーミュラ
秋之回忆,Memories Off,日本,是,MEMORIES OFF|メモリーズオフ|MemoriesOff|MemoriesOff2nd|白河ほたる|飛世巴|Memories Off|秋之回忆|メモリーズ オブ セカンド|メモリーズオブセカンド|メモオフ|メモオフ・セカンド
普罗米亚,プロメア,日本,是,プロメア
出包王女,To LOVEる,日本,是,TO LOVEる|とらぶる
最终幻想,ファイナルファンタジー,日本,是,ファイナルファンタジー|FINAL FANTASY|最终幻想|FFⅧ|FF8|ファイナルファンタジーVIII
如龙,龍が如く,日本,是,龍が如く
佐贺偶像是传奇,ゾンビランドサガ,日本,是,ゾンビランドサガ|水野愛|紺野純子
我的妹妹哪有这么可爱,俺の妹がこんなに可愛いわけがない,日本,是,俺の妹がこんなに可愛いわけがない|俺妹
旋风管家,ハヤテのごとく!,日本,是,ハヤテのごとく
五等分的新娘,五等分の花嫁,日本,是,五等分の花嫁
碧蓝幻想,グランブルーファンタジー,日本,是,グランブルーファンタジー|グラブル|碧蓝幻想|グランブルファンタジー|GRANBLUE FANTASY|Granblue Fantasy|GRANBLUE
火焰之纹章,FIRE EMBLEM,日本,是,ファイアーエムブレム|FIRE EMBLEM
彩虹社,にじさんじ,日本,是,にじさんじ|NIJISANJI|月ノ美兎
初音岛,D.C. ～ダ・カーポ～,日本,是,ダ・カーポ|D.C.~|D.C.～
偶像活动,アイカツ!,日本,是,アイカツ
天降之物,そらのおとしもの,日本,是,そらのおとしもの
碧蓝航线,アズールレーン,中国,否,アズールレーン|U-73|Z23|Z25|Z46|アドミラル・グラーフ・シュペー|インディアナポリス|エイジャックス|エセックス|クリーブランド|サウスダコタ|サフォーク|シリアス|セントルイス|セントー|ニューカッスル|ヘレナ|ホノルル|ポートランド|レキシントン|伊19|伊26|アズレン
Jack Jeanne,ジャックジャンヌ,日本,是,ジャックジャンヌ
电波女与青春男,電波女と青春男,日本,是,電波女と青春男
无限斯特拉托斯,IS〈インフィニット・ストラトス〉,日本,是,インフィニット・ストラトス|INFINITE STRATOS
刀剑神域,ソードアート・オンライン,日本,是,ソードアート・オンライン|SWORD ART ONLINE|SAO|刀剑神域
Hololive,ホロライブ,日本,是,ホロライブ|hololive|HOLOLIVE
龙珠,ドラゴンボール,日本,是,ドラゴンボール|DRAGON BALL
间谍过家家,SPY×FAMILY,日本,是,SPY×FAMILY|SPYxFAMILY|SPY FAMILY|间谍过家家|劇場版SPY×FAMILYCODE：White|SPY×FAMILYCODE：White|スパイファミリー
咒术回战,呪術廻戦,日本,是,呪術廻戦
哈利·波特,ハリー・ポッター,欧美,否,ハリー・ポッター|HARRY POTTER|Harry Potter
Rewrite,Rewrite,日本,是,REWRITE
不能只看脸,顔だけじゃ好きになりません,日本,是,顔だけじゃ好きになりません
黑岩射手,ブラック★ロックシューター,日本,是,ブラック★ロックシューター|BLACK★ROCK SHOOTER|ブラックロックシューター
Keroro军曹,ケロロ軍曹,日本,是,ケロロ軍曹|KERORO
GIVEN 被赠与的未来,ギヴン,日本,是,ギヴン
加速世界,アクセル・ワールド,日本,是,アクセル・ワールド|加速世界
胆大党,ダンダダン,日本,是,ダンダダン
头文字D,頭文字D,日本,是,頭文字D
请问您今天要来点兔子吗,ご注文はうさぎですか?,日本,是,ご注文はうさぎですか
四驱兄弟,爆走兄弟レッツ&ゴー!!,日本,是,爆走兄弟レッツ&ゴー
尼罗河女儿,王家の紋章,日本,是,王家の紋章
电光超人古立特系列,SSSS.GRIDMAN,日本,是,SSSS.GRIDMAN|SSSS.DYNAZENON|グリッドマン|ダイナゼノン|南夢芽
樱花大战,サクラ大戦,日本,是,サクラ大戦
灼眼的夏娜,灼眼のシャナ,日本,是,灼眼のシャナ|灼眼的夏娜
春之岚与怪兽,春の嵐とモンスター,日本,是,春の嵐とモンスター
文豪野犬,文豪ストレイドッグス,日本,是,文豪ストレイドッグス|文スト
怪物猎人,モンスターハンター,日本,是,モンスターハンター|MONSTER HUNTER
约会大作战,デート・ア・ライブ,日本,是,デート・ア・ライブ|约会大作战
进击的巨人,進撃の巨人,日本,是,進撃の巨人
关于邻家的天使大人,お隣の天使様,日本,是,お隣の天使様
魔动王,魔動王グランゾート,日本,是,魔動王グランゾート|グランゾート
犬夜叉,犬夜叉,日本,是,犬夜叉
蔚蓝档案,ブルーアーカイブ,韩国,否,ブルーアーカイブ|ブルアカ|Blue Archive
Little Busters!,リトルバスターズ!,日本,是,リトルバスターズ|クドわふたー|能美クドリャフカ
学生会的一己之见,生徒会の一存,日本,是,生徒会の一存
超级战队,スーパー戦隊,日本,是,スーパー戦隊|ゴーカイジャー|シンケンジャー|キョウリュウジャー|ゴーカイレッド
鬼灯的冷彻,鬼灯の冷徹,日本,是,鬼灯の冷徹
鲁邦三世,ルパン三世,日本,是,ルパン三世
钻石王牌,ダイヤのA,日本,是,ダイヤのA
约定的梦幻岛,約束のネバーランド,日本,是,約束のネバーランド
相爱相杀,殺し愛,日本,是,殺し愛
恋与深空,恋と深空,中国,否,恋と深空
南家三姐妹,みなみけ,日本,是,みなみけ
Re:从零开始的异世界生活,Re:ゼロから始める異世界生活,日本,是,Re:ゼロ|Reゼロ|リゼロ
葬送的芙莉莲,葬送のフリーレン,日本,是,葬送のフリーレン
我的朋友很少,僕は友達が少ない,日本,是,僕は友達が少ない|はがない
海猫鸣泣之时,うみねこのなく頃に,日本,是,うみねこのなく頃に
公主连结,プリンセスコネクト!,日本,是,プリンセスコネクト|プリコネ
孤独摇滚,ぼっち・ざ・ろっく!,日本,是,ぼっち・ざ・ろっく|ぼざろ
为美好的世界献上祝福,この素晴らしい世界に祝福を!,日本,是,この素晴らしい世界に祝福を|このすば
青春猪头少年,青春ブタ野郎,日本,是,青春ブタ野郎
刀剑乱舞,刀剣乱舞,日本,是,刀剣乱舞|とうらぶ|山姥切国広|山姥切長義|山姥切|三日月宗近
天元突破红莲螺岩,天元突破グレンラガン,日本,是,天元突破グレンラガン|グレンラガン
冰之城壁,氷の城壁,日本,是,氷の城壁
彻夜之歌,よふかしのうた,日本,是,よふかしのうた
黑子的篮球,黒子のバスケ,日本,是,黒子のバスケ
恋爱与选举与巧克力,恋と選挙とチョコレート,日本,是,恋と選挙とチョコレート
变形金刚,トランスフォーマー,跨国共同开发/欧美,否,トランスフォーマー|TRANSFORMERS
明日方舟,アークナイツ,中国,否,アークナイツ|ARKNIGHTS
Angel Beats!,Angel Beats!,日本,是,ANGEL BEATS
迪士尼扭曲仙境,ツイステッドワンダーランド,日本,是,ツイステッドワンダーランド|ツイステ
任天堂明星大乱斗,大乱闘スマッシュブラザーズ,日本,是,大乱闘スマッシュブラザーズ|スマッシュブラザーズ|スマブラ
机巧少女不会受伤,機巧少女は傷つかない,日本,是,機巧少女は傷つかない
无头骑士异闻录,デュラララ!!,日本,是,デュラララ
一拳超人,ワンパンマン,日本,是,ワンパンマン
境界线上的地平线,境界線上のホライゾン,日本,是,境界線上のホライゾン
绯弹的亚里亚,緋弾のアリア,日本,是,緋弾のアリア
我的英雄学院,僕のヒーローアカデミア,日本,是,僕のヒーローアカデミア|ヒロアカ
天才麻将少女,咲-Saki-,日本,是,咲-SAKI|咲-Saki-|天才麻将少女|咲 -Saki-|咲 -SAKI-
寒蝉鸣泣之时,ひぐらしのなく頃に,日本,是,ひぐらしのなく頃に
世界计划,プロジェクトセカイ,日本,是,プロジェクトセカイ|プロセカ
吸血鬼马上死,吸血鬼すぐ死ぬ,日本,是,吸血鬼すぐ死ぬ
阿滋漫画大王,あずまんが大王,日本,是,あずまんが
路人女主的养成方法,冴えない彼女の育てかた,日本,是,冴えない彼女の育てかた|冴えカノ
歌之王子殿下,うたの☆プリンスさまっ♪,日本,是,うたの☆プリンスさまっ|うたプリ
这个是僵尸吗,これはゾンビですか?,日本,是,これはゾンビですか
刀语,刀語,日本,是,刀語
妖狐×仆SS,妖狐×僕SS,日本,是,妖狐×僕SS|妖狐x僕SS
A3!,A3!,日本,是,A3!|七尾太一|佐久間咲也|兵頭九門|兵頭十座|卯木千景|御影密|摂津万里|月岡紬|有栖川誉|泉田莇|皆木綴|碓氷真澄|茅ヶ崎至
薄樱鬼,薄桜鬼,日本,是,薄桜鬼
火影忍者,NARUTO,日本,是,NARUTO|ナルト
苍蓝钢铁的琶音,蒼き鋼のアルペジオ,日本,是,蒼き鋼のアルペジオ
催眠麦克风,ヒプノシスマイク,日本,是,ヒプノシスマイク|ヒプマイ
魔道祖师,魔道祖師,中国,否,魔道祖師
大图书馆的牧羊人,大図書館の羊飼い,日本,是,大図書館の羊飼い
影之诗,シャドウバース,日本,是,シャドウバース|SHADOWVERSE
魔界战记,魔界戦記ディスガイア,日本,是,魔界戦記ディスガイア|ディスガイア
胜利女神：妮姬,勝利の女神:NIKKE,韩国,否,勝利の女神:NIKKE|NIKKE
电锯人,チェンソーマン,日本,是,チェンソーマン
噬血狂袭,ストライク・ザ・ブラッド,日本,是,ストライク・ザ・ブラッド|姫柊雪菜
偶像梦幻祭,あんさんぶるスターズ!,日本,是,あんさんぶるスターズ|あんスタ
Free!男子游泳部,Free!,日本,是,FREE!|FREE ETERNAL SUMMER
神枪少女,GUNSLINGER GIRL,日本,是,GUNSLINGER GIRL|GUNSLINGERGIRL|ヘンリエッタ
冰上的尤里,ユーリ!!! on ICE,日本,是,ユーリ!!! ON ICE
噬神者,ゴッドイーター,日本,是,ゴッドイーター|GOD EATER
十二国记,十二国記,日本,是,十二国記
死神,BLEACH,日本,是,BLEACH|ブリーチ
蓝色监狱,ブルーロック,日本,是,ブルーロック
阳炎Project,カゲロウプロジェクト,日本,是,カゲロウプロジェクト|カゲロウデイズ
元气少女缘结神,神様はじめました,日本,是,神様はじめました
崩坏系列,崩壊シリーズ,中国,否,崩壊3RD|崩壊:スターレイル|崩壊スターレイル|HONKAI
王国之心,キングダム ハーツ,日本,是,キングダム ハーツ|KINGDOM HEARTS
战国乙女,戦国乙女,日本,是,戦国乙女
文豪与炼金术师,文豪とアルケミスト,日本,是,文豪とアルケミスト|文アル
日常,日常,日本,是,「日常」
戏言系列,戯言シリーズ,日本,是,戯言シリーズ|クビキリサイクル|玖渚友
漆黑的子弹,ブラック・ブレット,日本,是,ブラック・ブレット|ブラックブレット|里見蓮太郎
三国志系列,三國志シリーズ,日本,是,三國志14|三国志14|三國志シリーズ|三国志系列|三國志13|三国志13
世界坦克博物馆,ワールドタンクミュージアム,日本,否,ワールドタンクミュージアム|ワールド タンク ミュージアム 対決編|ワールドタンクミュージアム対決編
世界的舰船,世界の艦船,日本,否,世界の艦船
世界的杰作机,世界の傑作機,日本,否,世界の傑作機
拖车收藏系列,ザ・トレーラーコレクション,日本,否,ザ・トレーラーコレクション|トレーラーコレクション
军事航空器系列,ミリタリーエアクラフトシリーズ,日本,否,ミリタリーエアクラフトシリーズ|ビッグバード
Wing Club,ウイングクラブ,日本,否,ウイングクラブ
二战战机收藏,WWIIウォーバードコレクション,日本,否,WWIIウォーバードコレクション|ウォーバードコレクション
自卫队特别涂装机收藏,自衛隊特別塗装機コレクション,日本,否,自衛隊特別塗装機コレクション
架空战记ProjektFighter,架空戦記ProjektFighter,日本,否,架空戦記ProjektFighter|ProjektFighter
水濑祈,水瀬いのり,日本,否,水瀬いのり|Inori Minase
茅野爱衣,茅野愛衣,日本,否,茅野愛衣
黑木光,黒木ひかり,日本,否,黒木ひかり
T-ara,T-ara,韩国,否,T-ara|ティアラ|ジヨン(T-ara)|NUMBER NINE|Lead the way|LA'booN|記憶~君がくれた道標|記憶～君がくれた道標|バニスタ!|Gossip Girls
Nintendo Labo,Nintendo Labo,日本,是,Nintendo Labo|ニンテンドーラボ|NintendoLabo|NintendoLaboToy-Con|NintendoLaboToy
方舟：生存进化,ARK: Survival Evolved,欧美,否,ARK: Survival Evolved|ARK：SurvivalEvolved|SurvivalEvolved
ARMS NOTE,ARMS NOTE,日本,是,ARMS NOTE|ロングレンジ・ジョシコウセイ
鬼屋魔影,Alone in the Dark,欧美,否,Alone in the Dark|アローンインザダーク
Davichi,Davichi,韩国,否,Davichi
Touch! Generations,Touch! Generations,日本,是,Touch! Generations|Touch!Generations
文学少女系列,“文学少女”シリーズ,日本,是,"文学少女|“文学少女”|天野遠子|劇場版”文学少女”|劇場版""文学少女"""
就算是哥哥只要有爱就没问题了对吧,お兄ちゃんだけど愛さえあれば関係ないよねっ,日本,是,お兄ちゃんだけど愛さえあれば関係ないよねっ|二階堂嵐
恶作剧之吻,イタズラなKiss,日本,是,イタズラなKiss|悪作劇之吻|恶作剧之吻
机翼套件收藏,ウイングキットコレクション,日本,否,ウイングキットコレクション|ウィングキットコレクション VS11|1/144ウィングキットコレクションVS13|ウィングキットコレクションVS11|ウィングキットコレクションVS13
丘比特寄生,キューピット・パラサイト,日本,是,キューピット・パラサイト|Cupid Parasite
装甲军系列,パンツァーコープ,日本,否,パンツァーコープ
Fortune Arterial,フォーチュンアテリアル,日本,是,フォーチュンアテリアル|Fortune Arterial|千堂瑛里華
直升机收藏系列,ヘリボーンコレクション,日本,否,ヘリボーンコレクション
重装武器,ヘヴィーオブジェクト,日本,是,ヘヴィーオブジェクト|Heavy Object|フローレイティア|フローレイティア=カピストラーノ
微型装甲,マイクロアーマー,日本,否,マイクロアーマー
午夜之鹰,ミッドナイトイーグル,日本,否,ミッドナイトイーグル
轻松熊,リラックマ,日本,是,リラックマ
少女是姐姐所爱,処女はお姉さまに恋してる,日本,是,処女はお姉さまに恋してる|宮小路瑞穂
双发机收藏,双発機コレクション,日本,否,双発機コレクション
古书店街的桥姬,古書店街の橋姫,日本,是,古書店街の橋姫|古書店街の橋姫々
奇想天外兵器,奇想天外兵器,日本,否,奇想天外兵器
架空战记ProjektFlieger,架空戦記ProjektFlieger,日本,否,架空戦記ProjektFlieger|ProjektFlieger
犬与剪刀的正确用法,犬とハサミは使いよう,日本,是,犬とハサミは使いよう|夏野霧姫
由良优拉,由良ゆら,日本,否,由良ゆら
真木柚布子,真木柚布子,日本,否,真木柚布子
邓丽君,テレサ・テン,跨国,否,テレサ・テン|鄧麗君|邓丽君|Teresa Teng|莫忘今宵
倖田来未,倖田來未,日本,否,倖田來未|倖田来未|Koda Kumi|KODA KUMI
特技飞行队收藏,アクロチームコレクション,日本,否,アクロチームコレクション|特技飞行队收藏
军事航空器系列,ミニタリーエアクラフトシリーズ,日本,否,ミニタリーエアクラフトシリーズ|军事航空器系列
スーパー44シリーズ,スーパー44シリーズ,日本,否,スーパー44シリーズ
Grim Guardians,Grim Guardians: Demon Purge,跨国,是,Grim Guardians: Demon Purge|Grim Guardians|GrimGuardians:DemonPurge
小魔女诺贝塔,Little Witch Nobeta,跨国,是,Little Witch Nobeta|小魔女诺贝塔|LittleWitchNobeta
Redemption Reapers,Redemption Reapers,跨国,是,Redemption Reapers|RedemptionReapers
Outcast,Outcast - A New Beginning,跨国,是,Outcast - A New Beginning|Outcast|Outcast-ANewBeginning|アウトキャスト|アウトキャスト 新たなる始まり|A New Beginning
Princess Waltz,PRINCESS WALTZ,日本,是,PRINCESS WALTZ|Princess Waltz|PRINCESSWALTZ
一起剪吧 斯尼帕,いっしょにチョキッと スニッパーズ,日本,是,いっしょにチョキッと スニッパーズ|一起剪吧 斯尼帕|いっしょにチョキッとスニッパーズ|スニッパーズ|Snipperclips|いっしょにチョキッとスニッパーズプラス
生化危机,バイオハザード,跨国,是,バイオハザード|生化危机|Resident Evil|BIOHAZARD
寻找者的目标,ファインダーの標的,日本,是,ファインダーの標的|寻找者的目标
ef,ef,日本,是,ef|ef - a fairy tale of the two|ef-a fairy tale of the two
火球,ファイアボール,日本,是,ファイアボール|火球|ファイアーボール
魔女之旅,魔女の旅々,日本,是,魔女の旅々|魔女之旅
超星神グランセイザー,超星神グランセイザー,日本,是,超星神グランセイザー
命运石之门,STEINS;GATE,日本,是,STEINS;GATE|命运石之门|シュタインズ・ゲート|Steins;Gate
D.Gray-man,D.Gray-man,日本,是,D.Gray-man
Big Bang Age,Big Bang Age,日本,是,Big Bang Age|BigBangAge
H2O,H2O -FOOTPRINTS IN THE SAND-,日本,是,H2O -FOOTPRINTS IN THE SAND-|H2O|H2O-FOOTPRINTSINTHESAND-|FOOTPRINTS IN THE SAND
纯情房东俏房客,ラブひな,日本,是,ラブひな|纯情房东俏房客
草莓100%,いちご100%,日本,是,いちご100%|草莓100%
强气女孩,つよきす,日本,是,つよきす|强气女孩
我的青春恋爱物语果然有问题,やはり俺の青春ラブコメはまちがっている。,日本,是,やはり俺の青春ラブコメはまちがっている。|我的青春恋爱物语果然有问题|やはりゲームでも俺の青春ラブコメはまちがっている|やはりゲームでも俺の青春ラブコメはまちがっている。|俺ガイル
架空战记ProjektPanzer,架空戦記ProjektPanzer,日本,否,架空戦記ProjektPanzer|架空战记ProjektPanzer|架空战记系列|架空戦記|ProjektPanzer|ProjectFlieger|ProjektFlieger
BIGED系列,BIGEDシリーズ,日本,否,BIGEDシリーズ|BIGED系列
世界的翼,世界の翼,日本,否,世界の翼|世界的翼
迷糊餐厅,WORKING!!,日本,是,WORKING!!|迷糊餐厅|ワーキング!!|WORKING|ワーキング|WORKING'!!|WORKING’!!
单色莫比乌斯,モノクロームメビウス 刻ノ代贖,日本,是,モノクロームメビウス 刻ノ代贖|单色莫比乌斯|モノクロームメビウス刻ノ代贖
ToHeart2,ToHeart2,日本,是,ToHeart2|向坂環
现视研,げんしけん,日本,是,げんしけん|现视研
王菲,フェイ・ウォン,跨国,否,フェイ・ウォン|王菲
舞-HIME Zwei,舞-HIME Zwei,日本,是,舞-HIME Zwei|舞-HIMEZwei
すばらしき日々,すばらしき日々,日本,是,すばらしき日々
天上の虹,天上の虹,日本,是,天上の虹
学園BASARA,学園BASARA,日本,是,学園BASARA
大逆转裁判,大逆転裁判,日本,是,大逆転裁判|大逆转裁判
灰色の貴婦人,灰色の貴婦人,日本,是,灰色の貴婦人
つぶやきあつめ,つぶやきあつめ,日本,是,つぶやきあつめ
あっちこっちどっち,あっちこっちどっち,日本,是,あっちこっちどっち
ざ・ちぇんじ!,ざ・ちぇんじ!,日本,是,ざ・ちぇんじ!
ガラスの城,ガラスの城,日本,是,ガラスの城
ずっと真夜中でいいのに。,ずっと真夜中でいいのに。,日本,否,ずっと真夜中でいいのに。
異国迷路のクロワーゼ,異国迷路のクロワーゼ,日本,是,異国迷路のクロワーゼ
クリスタル☆ドラゴン,クリスタル☆ドラゴン,日本,是,クリスタル☆ドラゴン
迷い猫オーバーラン!,迷い猫オーバーラン!,日本,是,迷い猫オーバーラン!
魔进战队煌铠者,魔進戦隊キラメイジャー,日本,是,魔進戦隊キラメイジャー|魔进战队煌铠者
境界触发者,ワールドトリガー,日本,是,ワールドトリガー|境界触发者
动物战队兽王者,動物戦隊ジュウオウジャー,日本,是,動物戦隊ジュウオウジャー|动物战队兽王者
AngelBeats!,AngelBeats!,日本,是,AngelBeats!
安室奈美惠,安室奈美恵,日本,否,安室奈美恵|安室奈美惠
百鬼夜行シリーズ,百鬼夜行シリーズ,日本,否,百鬼夜行シリーズ
アサルトリリィ,アサルトリリィ,日本,是,アサルトリリィ
ピングー,ピングー,日本,是,ピングー
攻壳机动队,攻殻機動隊,日本,是,攻殻機動隊|攻壳机动队
轟轟戦隊ボウケンジャー,轟轟戦隊ボウケンジャー,日本,是,轟轟戦隊ボウケンジャー
神曲奏界,神曲奏界ポリフォニカ,日本,是,神曲奏界ポリフォニカ|神曲奏界
マビノギ,マビノギ,日本,是,マビノギ
逆転検事2,逆転検事2,日本,是,逆転検事2
ストライクウィッチーズ,ストライクウィッチーズ,日本,是,ストライクウィッチーズ
パンプキン・シザーズ,パンプキン・シザーズ,日本,是,パンプキン・シザーズ
超昂天使エスカレイヤー,超昂天使エスカレイヤー,日本,是,超昂天使エスカレイヤー
スーパーロボット大戦OG,スーパーロボット大戦OG,日本,是,スーパーロボット大戦OG|スーパーロボット大戦|スパロボ
血界战线,血界戦線,日本,是,血界戦線|血界战线
暁の護衛,暁の護衛,日本,是,暁の護衛
辉夜大小姐想让我告白,かぐや様は告らせたい,日本,是,かぐや様は告らせたい|辉夜大小姐想让我告白
Candyboy,Candyboy,日本,是,Candyboy|Candy☆Boy|Candy Boy|櫻井雪乃|櫻井奏|神山咲夜
学園黙示録 ハイスクール・オブ・ザ・デッド,学園黙示録 ハイスクール・オブ・ザ・デッド,日本,是,学園黙示録 ハイスクール・オブ・ザ・デッド|学園黙示録ハイスクール・オブ・ザ・デッド|ハイスクール・オブ・ザ・デッド
舞-HiME,舞-HiME,日本,是,舞-HiME
衛宮さんちの今日のごはん,衛宮さんちの今日のごはん,日本,是,衛宮さんちの今日のごはん
塵骸魔京,塵骸魔京,日本,是,塵骸魔京
ビッグスケールシリーズ,ビッグスケールシリーズ,日本,否,ビッグスケールシリーズ
純潔のマリア,純潔のマリア,日本,是,純潔のマリア
魁!! クロマティ高校,魁!! クロマティ高校,日本,是,魁!! クロマティ高校|魁!!クロマティ高校
笛の約束,笛の約束,日本,是,笛の約束
女神さまと私,女神さまと私,日本,是,女神さまと私
まぼろしの花嫁,まぼろしの花嫁,日本,是,まぼろしの花嫁
SWAN　スワン　白鳥,SWAN　スワン　白鳥,日本,是,SWAN　スワン　白鳥|SWANスワン白鳥
家庭教師ヒットマンREBORN!,家庭教師ヒットマンREBORN!,日本,是,家庭教師ヒットマンREBORN!
ユーロジェットコレクション2,ユーロジェットコレクション2,日本,否,ユーロジェットコレクション2
ボーイングコレクション,ボーイングコレクション,日本,否,ボーイングコレクション
BANANA FISH,BANANAFISH,日本,是,BANANAFISH|BANANA FISH|Banana Fish|アッシュ・リンクス|奥村英二
欧洲喷气机收藏,ユーロジェットコレクション,日本,否,ユーロジェットコレクション|ユーロジェットコレクション2
约翰·特拉沃尔塔,John Travolta,日本,否,John Travolta|约翰·特拉沃尔塔|JohnTravolta
仲村宗悟,仲村宗悟,日本,否,仲村宗悟
苍之封印,蒼の封印,日本,是,蒼の封印|苍之封印
KinKi Kids,KinKi Kids,日本,否,KinKi Kids|KinKiKids
Kiroro,Kiroro,日本,否,Kiroro
CLAMP,CLAMP,日本,是,CLAMP|CLAMP in 3-D LAND
中岛美嘉,中島美嘉,日本,否,中島美嘉|中岛美嘉|JAPONESQUE
巡逻机收藏,哨戒機コレクション,日本,否,哨戒機コレクション|巡逻机收藏
最后流亡,LAST EXILE,日本,是,LAST EXILE|最后流亡|LASTEXILE|ラストエグザイル
恶魔编年史,デモンズクロニクル,日本,否,デモンズクロニクル|恶魔编年史|デモンズ・クロニクル|デモンズ・クロニクルIII|デモンズクロニクルIX
FORTUNE ARTERIAL,FORTUNE ARTERIAL,日本,是,FORTUNE ARTERIAL|FORTUNEARTERIAL
巴士收藏系列,ザ・バスコレクション,日本,否,ザ・バスコレクション|巴士收藏系列
我们的太阳,ボクらの太陽,日本,是,ボクらの太陽|我们的太阳
勇者斗恶龙,ドラゴンクエスト,日本,是,ドラゴンクエスト|勇者斗恶龙
ダンタリアンの書架,ダンタリアンの書架,日本,是,ダンタリアンの書架
夜明前的琉璃色,夜明け前より瑠璃色な,日本,是,夜明け前より瑠璃色な|夜明前的琉璃色
メタルスラッグX,メタルスラッグX,日本,是,メタルスラッグX
MOTHER,MOTHER,日本,是,MOTHER
ドリームハイ2,ドリームハイ2,日本,是,ドリームハイ2
メタルギア・ソリッド2～サンズ・オブ・リバティー,メタルギア・ソリッド2～サンズ・オブ・リバティー,日本,是,メタルギア・ソリッド2～サンズ・オブ・リバティー
悪魔城ドラキュラX月下の夜想曲,悪魔城ドラキュラX月下の夜想曲,日本,是,悪魔城ドラキュラX月下の夜想曲
クロネコ彼氏,クロネコ彼氏,日本,是,クロネコ彼氏
騎士竜戦隊リュウソウジャー,騎士竜戦隊リュウソウジャー,日本,是,騎士竜戦隊リュウソウジャー
百兽战队牙吠连者,百獣戦隊ガオレンジャー,日本,是,百獣戦隊ガオレンジャー|百兽战队牙吠连者
かんなぎ,かんなぎ,日本,是,かんなぎ
咎狗之血,咎狗の血,日本,是,咎狗の血|咎狗之血
龍族-TheBlazingDawn-,龍族-TheBlazingDawn-,日本,是,龍族-TheBlazingDawn-
金色のコルダ2ff,金色のコルダ2ff,日本,是,金色のコルダ2ff
卡里古拉,Caligula -カリギュラ-,日本,是,Caligula -カリギュラ-|卡里古拉|Caligula-カリギュラ-|響鍵介
搭档任务BOND,バディミッションBOND,日本,是,バディミッションBOND|搭档任务BOND|バディミッション BOND|Buddy Mission BOND
九龍妖魔學園紀,九龍妖魔學園紀,日本,是,九龍妖魔學園紀
イニシャルD・ザ・ムービー,イニシャルD・ザ・ムービー,日本,是,イニシャルD・ザ・ムービー
東亰ザナドゥ,東亰ザナドゥ,日本,是,東亰ザナドゥ
れでぃ×ばと!,れでぃ×ばと!,日本,是,れでぃ×ばと!
強殖装甲ガイバー#1,強殖装甲ガイバー#1,日本,是,強殖装甲ガイバー#1
ロウきゅーぶ!,ロウきゅーぶ!,日本,是,ロウきゅーぶ!
変態王子と笑わない猫。,変態王子と笑わない猫。,日本,是,変態王子と笑わない猫。
抱かれたい男1位に脅されています。,抱かれたい男1位に脅されています。,日本,是,抱かれたい男1位に脅されています。
DEVIL SURVIVOR 2 the ANIMATION,DEVIL SURVIVOR 2 the ANIMATION,日本,是,DEVIL SURVIVOR 2 the ANIMATION|DEVILSURVIVOR2theANIMATION
カウボーイビバップ,カウボーイビバップ,日本,是,カウボーイビバップ
复仇者联盟,アベンジャーズ,日本,否,アベンジャーズ|复仇者联盟
時をかける少女,時をかける少女,日本,是,時をかける少女
Muv-Luv,マブラヴ,日本,是,マブラヴ|Muv-Luv
ARIATheNATURAL,ARIATheNATURAL,日本,是,ARIATheNATURAL
新天魔界ジェネレーションオブカオスIV,新天魔界ジェネレーションオブカオスIV,日本,是,新天魔界ジェネレーションオブカオスIV
ZOIDSゾイドジェネシス,ZOIDSゾイドジェネシス,日本,是,ZOIDSゾイドジェネシス
オーディンスフィア,オーディンスフィア,日本,是,オーディンスフィア
うる星やつら,うる星やつら,日本,是,うる星やつら
GOSICK-ゴシック-,GOSICK-ゴシック-,日本,是,GOSICK-ゴシック-
這いよれ!ニャル子さん,這いよれ!ニャル子さん,日本,是,這いよれ!ニャル子さん
戦場のヴァルキュリア3,戦場のヴァルキュリア3,日本,是,戦場のヴァルキュリア3
楽園追放-ExpelledfromParadise-,楽園追放-ExpelledfromParadise-,日本,是,楽園追放-ExpelledfromParadise-
この素晴らしい世界に爆焔を!,この素晴らしい世界に爆焔を!,日本,是,この素晴らしい世界に爆焔を!
武装神姫,武装神姫,日本,是,武装神姫
リネージュII,リネージュII,日本,是,リネージュII
魔法先生ネギま!,魔法先生ネギま!,日本,是,魔法先生ネギま!
ALDNOAH.ZERO-アルドノア・ゼロ-,ALDNOAH.ZERO-アルドノア・ゼロ-,日本,是,ALDNOAH.ZERO-アルドノア・ゼロ-
クレヨンしんちゃん,クレヨンしんちゃん,日本,是,クレヨンしんちゃん
残響のテロル,残響のテロル,日本,是,残響のテロル
HUNTER×HUNTER,HUNTER×HUNTER,日本,是,HUNTER×HUNTER|クラピカ|キルア
アクエリオンEVOL,アクエリオンEVOL,日本,是,アクエリオンEVOL
ダンジョンに出会いを求めるのは間違っているだろうか,ダンジョンに出会いを求めるのは間違っているだろうか,日本,是,ダンジョンに出会いを求めるのは間違っているだろうか
ギャラクシーエンジェル,ギャラクシーエンジェル,日本,是,ギャラクシーエンジェル
宇宙戦艦ヤマト2199,宇宙戦艦ヤマト2199,日本,是,宇宙戦艦ヤマト2199
CLANNAD-クラナド-,CLANNAD-クラナド-,日本,是,CLANNAD-クラナド-
リコリス・リコイル,リコリス・リコイル,日本,是,リコリス・リコイル|Lycoris Recoil
サマータイムレンダ,サマータイムレンダ,日本,是,サマータイムレンダ
Charlotte(シャーロット),Charlotte(シャーロット),日本,是,Charlotte(シャーロット)
魔法科高校の劣等生,魔法科高校の劣等生,日本,是,魔法科高校の劣等生
その着せ替え人形は恋をする,その着せ替え人形は恋をする,日本,是,その着せ替え人形は恋をする
sola,sola,日本,是,sola
スクールランブル,スクールランブル,日本,是,スクールランブル
この中に1人、妹がいる!,この中に1人、妹がいる!,日本,是,この中に1人、妹がいる!
ウィッチブレイド,ウィッチブレイド,日本,是,ウィッチブレイド
怪物王女,怪物王女,日本,是,怪物王女
神無月の巫女,神無月の巫女,日本,是,神無月の巫女
PSYCHO-PASS サイコパス2,PSYCHO-PASS サイコパス2,日本,是,PSYCHO-PASS サイコパス2|PSYCHO-PASSサイコパス2
LUPINtheThird～峰不二子という女～,LUPINtheThird～峰不二子という女～,日本,是,LUPINtheThird～峰不二子という女～
ストリートファイター,ストリートファイター,日本,是,ストリートファイター
Kanon,Kanon,日本,是,Kanon
魔弾戦記リュウケンドー,魔弾戦記リュウケンドー,日本,是,魔弾戦記リュウケンドー
エースコンバット,エースコンバット,日本,是,エースコンバット
キングコング,キングコング,日本,是,キングコング
花の子ルンルン,花の子ルンルン,日本,是,花の子ルンルン
死或生,DEAD OR ALIVE,日本,是,DEAD OR ALIVE|死或生|DEADORALIVE
少女☆歌劇レヴュースタァライト,少女☆歌劇レヴュースタァライト,日本,是,少女☆歌劇レヴュースタァライト|西條クロディーヌ|スタァライト九九組|Revue Starlight
キノの旅-theBeautifulWorld-,キノの旅-theBeautifulWorld-,日本,是,キノの旅-theBeautifulWorld-
新暗行御史,新暗行御史,日本,是,新暗行御史
明日のよいち!,明日のよいち!,日本,是,明日のよいち!
囚われのパルマ,囚われのパルマ,日本,是,囚われのパルマ
ローゼンメイデン,ローゼンメイデン,日本,是,ローゼンメイデン
とらドラ!,とらドラ!,日本,是,とらドラ!
鋼の錬金術師,鋼の錬金術師,日本,是,鋼の錬金術師|ハガレン
結界師,結界師,日本,是,結界師
灌篮高手,スラムダンク,日本,是,スラムダンク|SLAM DUNK|Slam Dunk
千与千寻,千と千尋の神隠し,日本,是,千と千尋の神隠し
那由多的轨迹,那由多の軌跡,日本,是,那由多の軌跡|那由多の軌跡：改
夏目友人帐,夏目友人帳,日本,是,夏目友人帳|劇場版夏目友人帳
高规格系列,ハイスペックシリーズ,日本,否,ハイスペックシリーズ
舰船套件收藏,艦船キットコレクション,日本,否,艦船キットコレクション
SHINee,SHINee,韩国,否,SHINee
回转企鹅罐,輪るピングドラム,日本,是,輪るピングドラム|RE:cycle of the PENGUINDRUM
哆啦A梦,ドラえもん,日本,是,ドラえもん|ドラえもんのうた
小鹿斑比,バンビ,欧美,否,バンビ|Bambi
星球大战,スター・ウォーズ,欧美,否,スター・ウォーズ|Star Wars|ボバ・フェット
蝙蝠侠,バットマン,欧美,否,バットマン|Batman|ニンジャバットマン
Dream Festival,ドリフェス!,日本,是,ドリフェス!
月歌。,ツキウタ。,日本,是,ツキウタ。|久我壱星|弥生春|皐月葵|霜月隼
银河战士,メトロイド,日本,是,メトロイド|METROID|Other M
零之使魔,ゼロの使い魔,日本,是,ゼロの使い魔
三国志,三國志,日本,是,三国志游戏需精确；规范IP保留
我的世界,Minecraft,跨国,否,Minecraft|我的世界|MinecraftLegends|Minecraft Legends
武士少女,SAMURAI MAIDEN,日本,是,SAMURAI MAIDEN|武士少女|SAMURAIMAIDEN
幽灵诡计,ゴーストトリック,日本,是,ゴーストトリック|幽灵诡计
心跳文学部,ドキドキ文芸部,日本,是,ドキドキ文芸部|心跳文学部
三色绘恋,三色絵恋,日本,是,三色絵恋|三色绘恋
红月摇曳的恋之灯火,紅月ゆれる恋あかり,日本,是,紅月ゆれる恋あかり|红月摇曳的恋之灯火
苍蓝雷霆GUNVOLT,蒼き雷霆ガンヴォルト,日本,是,蒼き雷霆ガンヴォルト|苍蓝雷霆GUNVOLT|GUNVOLT|ガンヴォルト
美少女梦工厂,プリンセスメーカー,日本,是,プリンセスメーカー|美少女梦工厂
索尼克,ソニック,日本,是,ソニック|索尼克|ソニックオリジンズ|ソニックスーパースターズ
逆转裁判,逆転裁判,日本,是,逆転裁判|逆转裁判|成歩堂龍一|逆転裁判5
动物森友会,あつまれ どうぶつの森,日本,是,あつまれ どうぶつの森|动物森友会|あつまれどうぶつの森|どうぶつの森
魂斗罗,魂斗羅,日本,是,魂斗羅|魂斗罗
空洞骑士,Hollow Knight,跨国,否,Hollow Knight|空洞骑士|HollowKnight
OCCULTIC;NINE,OCCULTIC;NINE,日本,是,OCCULTIC;NINE
侍魂,サムライスピリッツ,日本,是,サムライスピリッツ|侍魂
拳皇,THE KING OF FIGHTERS,日本,是,THE KING OF FIGHTERS|拳皇|THEKINGOFFIGHTERS|ザ・キング・オブ・ファイターズ|キングオブファイターズ|キング・オブ・ファイターズ|ザキングオブ　ファイターズ
无职转生,無職転生,日本,是,無職転生|无职转生|無職転生 異世界行ったら本気だす
蓝色反射,BLUE REFLECTION,日本,是,BLUE REFLECTION|蓝色反射|BLUEREFLECTION
your diary+,your diary+,日本,是,your diary+|yourdiary+
奔向青春!,かけぬけ★青春スパーキング!,日本,是,かけぬけ★青春スパーキング!|奔向青春!
致人类各位,じんるいのみなさまへ,日本,是,じんるいのみなさまへ|致人类各位
战略幻想,タクティクスオウガ,日本,是,タクティクスオウガ|战略幻想
Harvest Overlay,ハーヴェストオーバーレイ,日本,是,ハーヴェストオーバーレイ|Harvest Overlay
覆盆子立方,ラズベリーキューブ,日本,是,ラズベリーキューブ|覆盆子立方
铁路浪漫谭,レヱル・ロマネスク,日本,是,レヱル・ロマネスク|铁路浪漫谭
我的女友是美人鱼,僕の彼女は人魚姫,日本,是,僕の彼女は人魚姫|我的女友是美人鱼|僕の彼女は人魚姫!?|My Girlfriend is a Mermaid|MyGirlfriendisaMermaid|RefineMyGirlfriendisaMermaid|Refine My Girlfriend is a Mermaid|青梅竹馬是人魚姫
羁绊闪耀恋爱小曲,絆きらめく恋いろは,日本,是,絆きらめく恋いろは|羁绊闪耀恋爱小曲
黄昏沉眠之街,黄昏ニ眠ル街,日本,是,黄昏ニ眠ル街|黄昏沉眠之街
地平线,Horizon,跨国,否,Horizon|地平线
UFO机器人古连泰沙,UFOロボ グレンダイザー,日本,是,UFOロボ グレンダイザー|UFO机器人古连泰沙|UFOロボグレンダイザー|グレンダイザー
战神,ゴッド・オブ・ウォー,跨国,否,ゴッド・オブ・ウォー|战神|ゴッドオブウォー
前线任务,フロントミッション,日本,是,フロントミッション|前线任务
幻日夜羽,幻日のヨハネ,日本,否,
RWBY,RWBY,跨国,否,RWBY
老虎和兔子,TIGER & BUNNY,日本,是,TIGER & BUNNY|老虎和兔子|TIGER&BUNNY|TIGER＆BUNNY|タイガーアンドバニー
方根书简,√Letter,日本,是,√Letter|方根书简
迷宫旅人,ダンジョントラベラーズ,日本,是,ダンジョントラベラーズ|迷宫旅人
炼金工房系列,アトリエシリーズ,日本,否,アトリエシリーズ|炼金工房系列|ネルケと伝説の錬金術士たち|新たな大地のアトリエ|ライザのアトリエ|ソフィーのアトリエ
Stride Prince,プリンス・オブ・ストライド,日本,是,プリンス・オブ・ストライド|Stride Prince
女武神的传说,ヴァルキリープロファイル,日本,是,ヴァルキリープロファイル|女武神的传说
合金装备,メタルギアソリッド,日本,是,メタルギアソリッド|合金装备|メタルギア ソリッド|METAL GEAR SOLID|メタルギア・ソリッド
断罪的玛丽亚,断罪のマリア,日本,是,断罪のマリア|断罪的玛丽亚
魔鬼恋人,DIABOLIK LOVERS,日本,是,DIABOLIK LOVERS|魔鬼恋人|DIABOLIKLOVERS
帕洛迪乌斯,パロディウス,日本,是,パロディウス|帕洛迪乌斯
零系列,零,日本,是,零系列|零 ～刺青の聲～|刺青の聲|零~刺青の聲~
浪漫沙加,ロマンシング サガ,日本,是,ロマンシング サガ|浪漫沙加|ロマンシングサガ
AQUAPAZZA,AQUAPAZZA,日本,是,AQUAPAZZA
Collar Malice,Collar×Malice,日本,是,Collar×Malice|Collar Malice|CollarxMalice|カラーマリス
洛克人,ロックマン,日本,是,ロックマン|洛克人
星之卡比,星のカービィ,日本,是,星のカービィ|星之卡比|カービィ
恶魔城,悪魔城ドラキュラ,日本,是,悪魔城ドラキュラ|恶魔城|ドラキュラ伝説
香缇,シャンティ,日本,是,シャンティ|香缇
交响情人梦,のだめカンタービレ,日本,是,のだめカンタービレ|交响情人梦
ARMS,ARMS,日本,是,ARMS
夏日口袋,Summer Pockets,日本,是,Summer Pockets|夏日口袋|SummerPockets
健身环大冒险,リングフィットアドベンチャー,日本,是,リングフィットアドベンチャー|健身环大冒险
松丽华,マツリカ,日本,是,マツリカ|松丽华
魔界村,魔界村,日本,是,魔界村
魔界塔士SaGa,魔界塔士Sa・Ga,日本,是,魔界塔士Sa・Ga|魔界塔士SaGa|魔界塔士サガ|魔界塔士
十三机兵防卫圈,十三機兵防衛圏,日本,是,十三機兵防衛圏|十三机兵防卫圈
超次元游戏海王星,超次元ゲイム ネプテューヌ,日本,是,超次元ゲイム ネプテューヌ|超次元游戏海王星|超次元ゲイムネプテューヌ|ネプテューヌ|ネプトゥーヌ|ネプチューン
恶魔人,デビルマン,日本,是,デビルマン|恶魔人
Young Souls,Young Souls,跨国,否,Young Souls|YoungSouls
Bramble,Bramble: The Mountain King,跨国,否,Bramble: The Mountain King|Bramble|Bramble:TheMountainKing
模拟山羊,Goat Simulator,跨国,否,Goat Simulator|模拟山羊|GoatSimulator
Starry Sky,Starry☆Sky,日本,是,Starry☆Sky|Starry Sky|StarrySky
X战记,X（CLAMP）,日本,是,X（CLAMP）|X战记|エックス コミック|CLAMP X
天照,アマテラス,日本,是,アマテラス|天照
梦幻游戏,ふしぎ遊戯,日本,是,ふしぎ遊戯|梦幻游戏
堀与宫村,ホリミヤ,日本,是,ホリミヤ|堀与宫村
Look Back,ルックバック,日本,是,ルックバック|Look Back
小孩的玩具,こどものおもちゃ,日本,是,こどものおもちゃ|小孩的玩具
天使禁猎区,天使禁猟区,日本,是,天使禁猟区|天使禁猎区
马力欧,マリオ,日本,是,マリオ|マリオゴルフ|MARIOGOLF|MARIOTENNIS|MARIO SPORTS|スーパーマリオ|马力欧
阿拉丁,アラジン,跨国,否,アラジン|阿拉丁
金色琴弦,金色のコルダ,日本,是,金色のコルダ|金色琴弦
玻璃假面,ガラスの仮面,日本,是,ガラスの仮面|玻璃假面
斗将戴莫斯,闘将ダイモス,日本,是,闘将ダイモス|斗将戴莫斯|ダイモス
花木兰,ムーラン,跨国,否,ムーラン|花木兰
粘土人 generation,ねんどろいど じぇねれ～しょん,日本,否,ねんどろいど じぇねれ～しょん|粘土人 generation|ねんどろいどじぇねれ～しょん
罪恶王冠,ギルティクラウン,日本,是,ギルティクラウン|罪恶王冠|Guilty Crown
角落生物,すみっコぐらし,日本,否,すみっコぐらし|角落生物
英雄连,Company of Heroes,跨国,否,Company of Heroes|英雄连|CompanyofHeroes
杀戮都市,GANTZ,日本,是,GANTZ|杀戮都市
风之克罗诺亚,風のクロノア,日本,是,風のクロノア|风之克罗诺亚|クロノア
哔哔哔特辑,ビシバシスペシャル,日本,是,ビシバシスペシャル|哔哔哔特辑
地下城与勇士,Dungeon & Fighter,跨国,否,Dungeon & Fighter|地下城与勇士|Dungeon&Fighter|DNFDuel|DNF Duel
ONI空与风之哀歌,ONI -空と風の哀歌-,日本,是,ONI -空と風の哀歌-|ONI空与风之哀歌|ONI-空と風の哀歌-|ONI-空と風の哀歌|空と風の哀歌
终结者,ターミネーター,跨国,否,ターミネーター|终结者
Coffee Talk,Coffee Talk,跨国,否,Coffee Talk|CoffeeTalk|コーヒートーク
收获日,PAYDAY,跨国,否,PAYDAY|收获日
东京Psychodemic,東京サイコデミック,日本,是,東京サイコデミック|东京Psychodemic
雾战场的Verdina,霧の戦場のヴェルディーナ,日本,是,霧の戦場のヴェルディーナ|雾战场的Verdina
被遗忘的城市,The Forgotten City,跨国,否,The Forgotten City|被遗忘的城市|TheForgottenCity
Gravity Circuit,Gravity Circuit,跨国,否,Gravity Circuit|GravityCircuit
审判之眼,JUDGE EYES：死神の遺言,日本,是,JUDGE EYES：死神の遺言|审判之眼|JUDGEEYES：死神の遺言
Fantavision,ファンタビジョン,日本,是,ファンタビジョン|Fantavision
王者银河,OVERMANキングゲイナー,日本,是,OVERMANキングゲイナー|王者银河|キングゲイナー|OVERMAN|OVERMAN キングゲイナー
Riviera约定之地,Riviera～約束の地～,日本,是,Riviera～約束の地～|Riviera约定之地|リヴィエラ|Riviera|約束の地リヴィエラ
终结的炽天使,終わりのセラフ,日本,是,終わりのセラフ|终结的炽天使
射雕英雄传,射鵰英雄伝,跨国,否,射鵰英雄伝|射雕英雄传
三眼神童,三つ目がとおる,日本,是,三つ目がとおる|三眼神童
地缚少年花子君,地縛少年花子くん,日本,是,地縛少年花子くん|地缚少年花子君|地縛少年 花子くん
冰属性男子与酷酷女同事,氷属性男子とクールな同僚女子,日本,是,氷属性男子とクールな同僚女子|冰属性男子与酷酷女同事
花野井同学与恋爱病,花野井くんと恋の病,日本,是,花野井くんと恋の病|花野井同学与恋爱病
龙族,龍族,跨国,否,龍族|龙族|ランタノイド
近月少女的礼仪,月に寄りそう乙女の作法,日本,是,月に寄りそう乙女の作法|近月少女的礼仪
龙猫,となりのトトロ,日本,是,となりのトトロ|龙猫
铃兰之剑,レンドフルール,日本,是,レンドフルール|铃兰之剑
手里剑战队忍忍者,手裏剣戦隊ニンニンジャー,日本,是,手裏剣戦隊ニンニンジャー|手里剑战队忍忍者
埃罗芒阿老师,エロマンガ先生,日本,是,エロマンガ先生|埃罗芒阿老师
未闻花名,あの日見た花の名前を僕達はまだ知らない。,日本,是,あの日見た花の名前を僕達はまだ知らない。|未闻花名|あの日見た花の名前を僕達はまだ知らない
佐佐木同学不想努力,ささみさん@がんばらない,日本,是,ささみさん@がんばらない|佐佐木同学不想努力
阿顿之女,アトンの娘,日本,是,アトンの娘|阿顿之女
Welcome to ParadiZe,Welcome to ParadiZe,跨国,否,Welcome to ParadiZe|WelcometoParadiZe
Crime Boss,Crime Boss: Rockay City,跨国,否,Crime Boss: Rockay City|Crime Boss|CrimeBoss|クライムボス
纪元1800,Anno 1800,跨国,否,Anno 1800|纪元1800|アノ1800|Anno1800
Afterimage,Afterimage,跨国,否,Afterimage|アフターイメージ
Fort Solis,Fort Solis,跨国,否,Fort Solis|フォートソリス
无家可归的孩子,家なき子,跨国,否,家なき子|无家可归的孩子
遥远国度的故事,はるか遠き国の物語,日本,是,はるか遠き国の物語|遥远国度的故事
乱马1/2,らんま1/2,日本,是,らんま1/2|乱马1/2|らんま 1/2
米津玄师,米津玄師,日本,否,米津玄師|米津玄师
小甜甜,キャンディ・キャンディ,日本,是,キャンディ・キャンディ|小甜甜|キャンディキャンディ
有闲俱乐部,有閑倶楽部,日本,是,有閑倶楽部|有闲俱乐部
林肯公园,Linkin Park,跨国,否,Linkin Park|林肯公园|LINKINPARK|LINKIN PARK
1-2-Switch,1-2-Switch,跨国,否,1-2-Switch
王都妖奇谭,王都妖奇譚,日本,是,王都妖奇譚|王都妖奇谭
毒液/屠杀,Venom,跨国,否,Venom|毒液/屠杀|カーネイジ|CARNAGE
MX vs ATV,MX vs ATV,跨国,否,MX vs ATV|MXVSATV|MXVSATVLegends
你的城镇Sandrock,きみのまち サンドロック,跨国,否,きみのまち サンドロック|你的城镇Sandrock|きみのまちサンドロック
Under the Waves,Under the Waves,跨国,否,Under the Waves|UnderTheWaves|アンダー・ザ・ウェーブス
花园生活,ガーデンライフ,跨国,否,ガーデンライフ|花园生活
裂隙破坏者,The Riftbreaker,跨国,否,The Riftbreaker|裂隙破坏者|リフトブレイカー
The Chant,The Chant,跨国,否,The Chant|TheChant|ザチャント
钢铁收割,Iron Harvest,跨国,否,Iron Harvest|钢铁收割|アイアンハーベスト
Lost Eidolons,Lost Eidolons,跨国,否,Lost Eidolons|ロストアイドロン
Bucky O'Hare,バッキーオヘア,跨国,否,バッキーオヘア|Bucky O'Hare
GB原人,GB原人,日本,是,GB原人
疯狂城市,マッドシティ,日本,是,マッドシティ|疯狂城市
Kalafina,Kalafina,日本,否,Kalafina
女皇之刃,クイーンズブレイド,日本,是,クイーンズブレイド|女皇之刃
Tiny Troopers,Tiny Troopers,跨国,否,Tiny Troopers|TinyTroopers
Necromunda,Necromunda,跨国,否,Necromunda|ネクロムンダ
Serena Recital,セレーナ・レシタール,日本,是,セレーナ・レシタール|Serena Recital
灵笼,霊籠,跨国,否,霊籠|灵笼
抽签不均衡,くじびきアンバランス,日本,是,くじびきアンバランス|抽签不均衡
干物妹小埋,干物妹！うまるちゃん,日本,是,干物妹！うまるちゃん|干物妹小埋|干物妹!うまるちゃん|うまるちゃん|干物妹うまるちゃん
月刊少女野崎君,月刊少女野崎くん,日本,是,月刊少女野崎くん|月刊少女野崎君|御子柴実琴
田村由香里,田村ゆかり,日本,否,田村ゆかり|田村由香里
Gunya Monster,グーニャモンスター,日本,是,グーニャモンスター|Gunya Monster
GORD,GORD,跨国,否,GORD
姆明,ムーミン,跨国,否,ムーミン|姆明
St.凤梨月亮,St.パイナップル・ムーン,日本,是,St.パイナップル・ムーン|St.凤梨月亮|パイナップルムーン|パイナップル・ムーン|St.パイナップルムーン
漫画希腊神话,マンガギリシア神話,日本,否,マンガギリシア神話|漫画希腊神话
渡边雅子恐怖剧场,わたなべまさこ 恐怖劇場,日本,否,わたなべまさこ 恐怖劇場|渡边雅子恐怖剧场
革神语,アラタカンガタリ〜革神語〜,日本,是,アラタカンガタリ〜革神語〜|革神语|アラタカンガタリ
亚尔斯兰战记,アルスラーン戦記,日本,是,アルスラーン戦記|亚尔斯兰战记
音击,オンゲキ,日本,是,オンゲキ|音击
水晶龙,クリスタル・ドラゴン,日本,是,クリスタル・ドラゴン|水晶龙|クリスタルドラゴン
灰姑娘之森,シンデレラの森,日本,是,シンデレラの森|灰姑娘之森
拓美君系列,タクミくんシリーズ,日本,是,タクミくんシリーズ|拓美君系列
棒球英豪,タッチ（あだち充）,日本,是,タッチ（あだち充）|棒球英豪|タッチ BEST|タッチ Best Song Book|あだち充 タッチ
切萨雷,チェーザレ 破壊の創造者,日本,是,チェーザレ 破壊の創造者|切萨雷|チェーザレ
尼罗之鹰,ナイルの鷹,日本,是,ナイルの鷹|尼罗之鹰
美神,美神,日本,是,美神
魔天道奏鸣曲,魔天道ソナタ,日本,是,魔天道ソナタ|魔天道奏鸣曲
Wonder Witch,ワンダーウィッチ,日本,是,ワンダーウィッチ|Wonder Witch
GT CUBE,GT CUBE,跨国,否,GT CUBE
美龙酱成长日记,めろんちゃんの成長日記,日本,否,めろんちゃんの成長日記|美龙酱成长日记
KAGE,KAGE,跨国,否,KAGE
特急指令索尔布雷因,特急指令ソルブレイン,跨国,否,特急指令ソルブレイン|特急指令索尔布雷因
Fumiko Ozette,ふみこ・オゼット・ヴァンシュタイン,日本,是,ふみこ・オゼット・ヴァンシュタイン|Fumiko Ozette
世界足球,ワールドサッカー,跨国,否,ワールドサッカー|世界足球
Gunpey,GUNPEY,日本,是,GUNPEY|Gunpey|グンペイ
精灵幻想记,精霊幻想記,日本,是,精霊幻想記|精灵幻想记
北原收藏,北原コレクション,跨国,否,北原コレクション|北原收藏
SWAN/天鹅,SWAN,日本,是,SWAN|SWAN/天鹅|SWAN 白鳥|白鳥 愛蔵版
从抽签开始的订婚生活,「くじ」から始まる婚約生活,日本,是,「くじ」から始まる婚約生活|从抽签开始的订婚生活|くじから始まる婚約生活
怒之铁拳,ベア・ナックル,日本,是,ベア・ナックル|怒之铁拳|ベア・ナックルIV|Bare Knuckle|Streets of Rage
不问往来,とはずがたり,日本,否,とはずがたり|不问往来
木乃伊老师,ミイラ先生,日本,是,ミイラ先生|木乃伊老师
末代皇帝,ラストエンペラー,跨国,否,ラストエンペラー|末代皇帝
鲁邦练习曲,ルパン・エチュード,日本,是,ルパン・エチュード|鲁邦练习曲
不可思议国的一千一夜,不思議の国の千一夜,日本,是,不思議の国の千一夜|不可思议国的一千一夜|不思議の国の千夜一夜
伯爵卡因,伯爵カインシリーズ,日本,是,伯爵カインシリーズ|伯爵卡因|伯爵カイン
伯爵令嬢,伯爵令嬢,日本,是,伯爵令嬢
阿尔卑斯山的少女,アルプスの少女ハイジ,日本,是,アルプスの少女ハイジ|阿尔卑斯山的少女
陵子的心灵事件簿,陵子の心霊事件簿,日本,是,陵子の心霊事件簿|陵子的心灵事件簿
妖兽姬,妖獣姫,日本,是,妖獣姫|妖兽姬
春逝レトロチカ,春ゆきてレトロチカ,日本,是,春ゆきてレトロチカ|春逝レトロチカ
YOASOBI,YOASOBI,日本,否,YOASOBI
八人的英雄,八人の英雄,跨国,否,八人の英雄|八人的英雄
织女的祈祷,織姫の祈り,跨国,否,織姫の祈り|织女的祈祷
淡淡幽情,淡淡幽情,跨国,否,淡淡幽情
无赖BURAI,無頼,日本,是,無頼|无赖BURAI|無頼-BURAI|BURAI
百鬼夜行抄,百鬼夜行抄,日本,是,百鬼夜行抄
我看见的未来,私が見た未来,日本,否,私が見た未来|我看见的未来
Del Sol,デルソル,跨国,否,デルソル|Del Sol
WIXOSS,WIXOSS,日本,是,WIXOSS|WIXOSS|ウィクロス|selector infected WIXOSS|Lostorage incited WIXOSS|タマヨリヒメ|リメンバ|ウリス|タウィル＝ノル|ウムル＝ノル|メル＝レディ|ミュウ＝ハッチ|華代・零|グズ子|アロス・ピルルク|コード・ピルルク|羅輝石 マラカイト|羅星姫 タンサーフォー|幻水姫 アロワナ|幻怪姫 ヌラリ|幻竜姫 シファル|ナナシ 其の無|ミズバショウ
Paradise（BL游戏）,Paradise（PIL/SLASH）,日本,是,Paradise（PIL/SLASH）|PIL/SLASH|Paradise -KIWAME-|Paradise 極|Paradise 結|Paradise -MUSUBI-
CLOCK ZERO～终焉之一秒～,CLOCK ZERO ～終焉の一秒～,日本,是,CLOCK ZERO ～終焉の一秒～|CLOCK ZERO|クロックゼロ|CLOCK ZERO ～終焉の一秒～
哥斯拉,ゴジラ,日本,是,ゴジラ|ゴジラ|GODZILLA
地狱少女,地獄少女,日本,是,地獄少女|地獄少女|閻魔あい
野良神,ノラガミ,日本,是,ノラガミ|ノラガミ|夜ト
东京喰种,東京喰種トーキョーグール,日本,是,東京喰種トーキョーグール|東京喰種|トーキョーグール|金木研
关于我转生变成史莱姆这档事,転生したらスライムだった件,日本,是,転生したらスライムだった件|転生したらスライムだった件|転スラ|リムル
美食的俘虏,トリコ,日本,是,トリコ|「トリコ」
飙速宅男,弱虫ペダル,日本,是,弱虫ペダル|弱虫ペダル|巻島裕介
枪神,トライガン,日本,是,トライガン|トライガン|TRIGUN|ヴァッシュ・ザ・スタンピード
摇曳露营,ゆるキャン△,日本,是,ゆるキャン△|ゆるキャン|ゆるキャン△|へやキャン
机动警察,機動警察パトレイバー,日本,是,機動警察パトレイバー|機動警察パトレイバー|パトレイバー|泉野明
王样战队君王者,王様戦隊キングオージャー,日本,是,王様戦隊キングオージャー|王様戦隊キングオージャー|キングオージャー|クワガタオージャー
爆上战队奔奔者,爆上戦隊ブンブンジャー,日本,是,爆上戦隊ブンブンジャー|爆上戦隊ブンブンジャー|ブンブンジャー|ブンレッド
BanG Dream!,BanG Dream!,日本,是,BanG Dream!|BanG Dream!|バンドリ|バンドリ！|丸山彩|マスキング
卡片战斗先导者,カードファイト!! ヴァンガード,日本,是,カードファイト!! ヴァンガード|カードファイト!!ヴァンガード|カードファイトヴァンガード|カラフル・パストラーレ ソナタ|カラフル・パストラーレ キャロ|オーロラスター コーラル|薬剤の弾丸 エルミエル|ライブinユートピア ルカ
放置少女,放置少女,中国,否,放置少女|放置少女|放置少女〜百花繚乱の萌姫たち〜
想要成为影之实力者,陰の実力者になりたくて！,日本,是,陰の実力者になりたくて！|陰の実力者になりたくて|陰の実力者
B-PROJECT,B-PROJECT,日本,是,B-PROJECT|B-PROJECT|Bプロ|金城剛士|阿修悠太|増長和南|音済百太郎
K,K（アニメ）,日本,是,K（アニメ）|K RETURN OF KINGS|K SEVEN STORIES|K MISSING KINGS|K -Lost Small World-|伏見猿比古|八田美咲
怪兽8号,怪獣8号,日本,是,怪獣8号|怪獣8号|怪獣８号
陀螺战士,ベイブレード,日本,是,ベイブレード|Beyblade
魔法少女奈叶,魔法少女リリカルなのは,日本,是,魔法少女リリカルなのは|リリカルなのは|高町なのは
天气之子,天気の子,日本,是,天気の子
你的名字,君の名は。,日本,是,君の名は。|君の名は
全金属狂潮,フルメタル・パニック！,日本,是,フルメタル・パニック！|フルメタル・パニック|フルメタル?パニック
快盗战队鲁邦连者,快盗戦隊ルパンレンジャーVS警察戦隊パトレンジャー,日本,是,快盗戦隊ルパンレンジャーVS警察戦隊パトレンジャー|快盗戦隊ルパンレンジャー
铃芽之旅,すずめの戸締まり,日本,是,すずめの戸締まり
风之谷,風の谷のナウシカ,日本,是,風の谷のナウシカ
孤独摇滚,ぼっち・ざ・ろっく！,日本,是,ぼっち・ざ・ろっく！|ぼっち・ざ・ろっく|ぼっちざろっく|後藤ひとり
Drag-On Dragoon,ドラッグオンドラグーン,日本,是,ドラッグオンドラグーン|ドラッグ・オン・ドラグーン
姊嫁物语,乙嫁語り,日本,是,乙嫁語り
紫罗兰永恒花园,ヴァイオレット・エヴァーガーデン,日本,是,ヴァイオレット・エヴァーガーデン
利兹与青鸟,リズと青い鳥,日本,是,リズと青い鳥
吹响吧！上低音号,響け！ユーフォニアム,日本,是,響け！ユーフォニアム|響け!ユーフォニアム
石纪元,Dr.STONE,日本,是,Dr.STONE|ドクターストーン
只要你说你爱我,好きっていいなよ。,日本,是,好きっていいなよ。|好きっていいなよ
水星领航员,ARIA,日本,是,ARIA|ARIA The ANIMATION|ARIA The NATURAL|ARIA The ORIGINATION|ARIA The AVVENIRE|ARIA The CREPUSCOLO|ARIA The BENEDIZIONE
Little Armory,リトルアーモリー,日本,是,リトルアーモリー|Little Armory|LittleArmory
紫罗兰的晚钟,ピオフィオーレの晩鐘,日本,是,ピオフィオーレの晩鐘|ピオフィオーレ
弹珠人,ビーダマン,日本,是,ビーダマン
Dear Vocalist,ディア・ヴォーカリスト,日本,是,ディア・ヴォーカリスト|ディア?ヴォーカリスト|ディアヴォーカリスト|カレはヴォーカリスト
勇者王,勇者王ガオガイガー,日本,是,勇者王ガオガイガー|ガオガイガー
宇宙骑士铁甲人Blade,宇宙の騎士テッカマンブレード,日本,是,宇宙の騎士テッカマンブレード|テッカマンブレード|テッカマン
闪电十一人,イナズマイレブン,日本,是,イナズマイレブン|イナズマイレブンGO
异度神剑,ゼノブレイド,日本,是,ゼノブレイド|ゼノブレイド2|ゼノブレイド3|Xenoblade
斯普拉遁,スプラトゥーン,日本,是,スプラトゥーン|スプラトゥーン2|スプラトゥーン3|Splatoon
灵能百分百,モブサイコ100,日本,是,モブサイコ100|モブサイコ|Mob Psycho
纸箱战机,ダンボール戦機,日本,是,ダンボール戦機
Diaclone,ダイアクロン,日本,是,ダイアクロン
Black Star Theater Starless,ブラックスター -Theater Starless-,日本,是,ブラックスター -Theater Starless-|Theater Starless|ブラックスター|ブラスタ
SK8 the Infinity,SK∞ エスケーエイト,日本,是,SK∞ エスケーエイト|エスケーエイト|SK∞
22/7,ナナブンノニジュウニ,日本,是,ナナブンノニジュウニ
战姬绝唱,戦姫絶唱シンフォギア,日本,是,戦姫絶唱シンフォギア|シンフォギア|Symphogear
君主·埃尔梅罗二世事件簿,ロード・エルメロイII世の事件簿,日本,是,ロード・エルメロイII世の事件簿|ロード?エルメロイII世の事件簿|エルメロイ
失落的龙绊,ドラガリアロスト,日本,是,ドラガリアロスト|Dragalia Lost
弦音,ツルネ —風舞高校弓道部—,日本,是,ツルネ —風舞高校弓道部—|ツルネ
魔法使的约定,魔法使いの約束,日本,是,魔法使いの約束|まほやく
I★CHU,アイ★チュウ,日本,是,アイ★チュウ|アイチュウ
机战少女Alice,アリス・ギア・アイギス,日本,是,アリス・ギア・アイギス|アリス?ギア?アイギス|アリスギア
Girls Band Cry,ガールズバンドクライ,日本,是,ガールズバンドクライ
我想吃掉你的胰脏,君の膵臓をたべたい,日本,是,君の膵臓をたべたい
NU: Carnival,NU:カーニバル,日本,是,NU:カーニバル|NU：カーニバル|NUカーニバル
猫娘乐园,ネコぱら,日本,是,ネコぱら
狼与香辛料,狼と香辛料,日本,是,狼と香辛料|Spice and Wolf
吸血鬼骑士,ヴァンパイア騎士,日本,是,ヴァンパイア騎士
死亡爱丽丝,SINoALICE,日本,是,SINoALICE|シノアリス
异度装甲,ゼノギアス,日本,是,ゼノギアス|Xenogears
Metal Max,メタルマックス,日本,是,メタルマックス
幕末Rock,幕末Rock,日本,是,幕末Rock
银砂糖师与黑妖精,シュガーアップル・フェアリーテイル,日本,是,シュガーアップル・フェアリーテイル|シュガーアップル?フェアリーテイル|シュガーアップル
月之彼端,月の彼方で逢いましょう,日本,是,月の彼方で逢いましょう
尼尔：机械纪元,ニーア オートマタ,日本,是,ニーア オートマタ|ニーアオートマタ|NieR:Automata|NieR Automata|NieR: Automata|ニーア レプリカント|ニーアレプリカント|NieR Replicant
浪客剑心,るろうに剣心,日本,是,るろうに剣心
爆丸,爆丸,日本,是,爆丸|Bakugan
卡罗尔与星期二,キャロル&チューズデイ,日本,是,キャロル&チューズデイ|キャロル＆チューズデイ
春风的异邦人,春風のエトランゼ,日本,是,春風のエトランゼ
终远的威尔修,終遠のヴィルシュ,日本,是,終遠のヴィルシュ
妖怪手表,妖怪ウォッチ,日本,是,妖怪ウォッチ|Yo-kai Watch
东京复仇者,東京リベンジャーズ,日本,是,東京リベンジャーズ|東京卍リベンジャーズ
苍穹之战神,蒼穹のファフナー,日本,是,蒼穹のファフナー
Frame Arms,フレームアームズ,日本,是,フレームアームズ|フレームアームズ・ガール|フレームアームズ?ガール|フレームアームズガール
人造人间Kikaider,人造人間キカイダー,日本,是,人造人間キカイダー|キカイダー
苍之彼方的四重奏,蒼の彼方のフォーリズム,日本,是,蒼の彼方のフォーリズム|蒼の彼方
PriPara,プリパラ,日本,是,プリパラ
决斗大师,デュエルマスターズ,日本,是,デュエルマスターズ|デュエマ
我推的孩子,【推しの子】,日本,是,【推しの子】|Oshi no Ko
绝区零,ゼンレスゾーンゼロ,中国,是,ゼンレスゾーンゼロ|Zenless Zone Zero|ゼンレス
Battle Spirits,バトルスピリッツ,日本,是,バトルスピリッツ
Assemble Borg,アッセンブルボーグ,日本,是,アッセンブルボーグ
Maschinen Krieger,マシーネンクリーガー,日本,是,マシーネンクリーガー
忍者乱太郎,忍たま乱太郎,日本,是,忍たま乱太郎|忍たま
86不存在的战区,86-エイティシックス,日本,是,86-エイティシックス|86―エイティシックス|86—エイティシックス|エイティシックス|Eighty Six
冰菓,氷菓,日本,是,氷菓
细胞神曲,細胞神曲,日本,是,細胞神曲|Cell of Empireo
拉拉马吉,ららマジ,日本,是,ららマジ
交响诗篇优莱卡7,交響詩篇エウレカセブン,日本,是,交響詩篇エウレカセブン|エウレカセブン|Eureka Seven
千铳士,千銃士,日本,是,千銃士
高校星歌剧,スタミュ,日本,是,スタミュ|高校星歌劇
VAZZROCK,VAZZROCK,日本,是,VAZZROCK
四叶妹妹,よつばと!,日本,是,よつばと!|よつばと！|よつばと
白色相簿2,WHITE ALBUM2,日本,是,WHITE ALBUM2|WHITE ALBUM 2|ホワイトアルバム2
潘多拉之心,PandoraHearts,日本,是,PandoraHearts|Pandora Hearts|パンドラハーツ
兽娘动物园,けものフレンズ,日本,是,けものフレンズ|けもフレ|Kemono Friends
圣战士丹拜因,聖戦士ダンバイン,日本,是,聖戦士ダンバイン|ダンバイン
幽游白书,幽☆遊☆白書,日本,是,幽☆遊☆白書|幽遊白書
花谱,花譜,日本,是,花譜
Yorushika,ヨルシカ,日本,是,ヨルシカ|Yorushika
RADWIMPS,RADWIMPS,日本,是,RADWIMPS
多美卡,トミカ,日本,是,トミカ|Tomica|TOMICA|トミカリミテッドヴィンテージ|トミカリミテッド
